freelancer_id,category,years_experience,projects_completed,activity_score,hourly_rate,client_satisfaction,response_time,performance_score,profile_type
1,Designer,15,166,94.47,68.69,74.9,43.79,67.35,Premium
2,Writer,7,25,81.14,54.29,67.22,47.51,57.77,Standard
3,Developer,15,220,97.3,65.29,82.37,49.09,68.79,Premium
4,Writer,11,101,96.63,40.7,99.12,59.38,66.38,Premium
5,Writer,3,25,47.98,30.3,60.11,71.2,30.23,Standard
6,Writer,1,1,54.85,26.83,72.67,68.88,45.62,Standard
7,Designer,8,53,93.47,49.26,84.43,52.83,54.55,Standard
8,Developer,7,27,73.29,32.56,74.68,60.41,50.05,Standard
9,Writer,6,30,80.09,44.29,76.05,56.11,53.01,Standard
10,Developer,15,91,100.0,69.72,87.99,32.74,74.9,Premium
11,Designer,12,87,100.0,60.56,79.89,41.18,65.34,Premium
12,Developer,11,149,100.0,58.67,82.8,50.16,60.18,Standard
13,Designer,11,78,95.31,45.45,58.35,33.29,57.76,Standard
14,Writer,1,8,68.26,18.25,76.17,63.61,44.28,Standard
15,Developer,15,136,100.0,49.75,76.1,22.9,65.84,Premium
16,Developer,15,83,100.0,57.82,83.94,34.15,72.96,Premium
17,Developer,13,64,100.0,58.96,92.21,23.75,84.99,Premium
18,Designer,11,110,100.0,48.62,93.51,58.22,70.72,Premium
19,Developer,8,51,95.71,45.72,83.72,53.19,71.96,Premium
20,Developer,3,34,45.67,29.53,61.44,52.58,31.95,Standard
21,Writer,11,121,93.32,32.4,67.52,55.71,61.11,Standard
22,Developer,15,41,100.0,62.32,81.8,44.53,76.2,Premium
23,Designer,4,25,53.84,35.41,64.76,72.55,35.98,Standard
24,Developer,2,15,49.44,22.13,67.37,75.47,32.03,Standard
25,Writer,15,198,100.0,69.64,91.05,43.69,70.24,Premium
26,Developer,13,120,98.16,53.57,72.3,42.4,67.72,Premium
27,Writer,13,73,93.45,58.48,87.02,45.66,72.53,Premium
28,Developer,8,52,52.6,51.59,76.84,68.25,42.38,Standard
29,Developer,9,46,62.25,36.19,85.98,55.41,52.55,Standard
30,Writer,5,55,71.51,41.09,78.65,61.29,44.58,Standard
31,Developer,11,40,97.84,53.1,72.76,30.88,68.14,Premium
32,Developer,11,111,79.72,53.31,84.38,64.04,57.49,Standard
33,Developer,13,48,91.53,62.75,80.68,51.64,65.36,Premium
34,Developer,7,25,92.88,48.9,72.63,58.58,66.79,Premium
35,Developer,6,19,92.54,12.87,78.71,68.75,53.87,Standard
36,Writer,5,59,65.62,25.87,74.99,57.99,50.46,Standard
37,Developer,4,30,60.94,24.61,72.74,74.89,46.42,Standard
38,Designer,13,65,100.0,69.93,100.0,36.66,89.35,Premium
39,Designer,10,48,83.84,56.21,77.39,49.98,59.53,Standard
40,Writer,9,74,92.35,39.27,81.32,52.06,56.27,Standard
41,Designer,9,131,87.08,56.63,84.72,61.36,64.32,Premium
42,Designer,10,93,80.76,69.17,68.64,54.86,58.16,Standard
43,Developer,13,69,100.0,67.84,76.43,60.46,83.35,Premium
44,Writer,7,12,57.42,37.99,66.46,64.8,46.75,Standard
45,Designer,7,80,79.31,42.41,69.69,74.08,51.36,Standard
46,Designer,1,5,46.77,33.03,69.72,56.55,39.38,Standard
47,Developer,9,41,63.68,53.23,78.15,75.36,49.09,Standard
48,Designer,15,187,100.0,56.1,71.26,49.15,61.14,Standard
49,Designer,7,39,76.98,42.2,83.31,53.54,60.86,Standard
50,Writer,2,21,44.24,20.78,82.06,70.11,27.14,Standard
51,Designer,9,46,100.0,61.2,78.9,60.39,69.71,Premium
52,Writer,12,73,100.0,65.07,66.09,43.44,66.99,Premium
53,Developer,3,12,81.04,21.71,71.79,77.84,50.66,Standard
54,Writer,11,127,86.56,48.55,68.33,54.07,58.57,Standard
55,Developer,13,159,100.0,64.08,83.29,45.95,77.85,Premium
56,Designer,9,38,70.77,45.04,93.39,40.01,56.18,Standard
57,Developer,4,26,46.99,44.16,72.54,63.51,35.23,Standard
58,Designer,12,99,81.28,62.88,77.76,48.94,55.54,Standard
59,Writer,13,145,100.0,59.41,92.77,61.95,66.4,Premium
60,Designer,2,1,20.26,40.26,81.92,83.15,33.4,Standard
61,Designer,3,33,60.3,43.2,83.89,71.87,49.07,Standard
62,Developer,1,11,35.93,24.49,69.19,74.87,21.27,Standard
63,Designer,15,119,100.0,73.04,87.28,44.13,83.16,Premium
64,Designer,3,5,65.45,19.63,67.05,58.79,43.3,Standard
65,Developer,10,25,100.0,54.01,81.77,57.61,74.04,Premium
66,Developer,6,59,86.79,34.07,73.24,56.87,51.05,Standard
67,Writer,4,61,37.61,31.8,84.08,62.17,41.91,Standard
68,Developer,7,26,82.31,40.38,98.26,39.5,72.41,Premium
69,Developer,3,23,25.6,23.08,74.41,53.6,26.45,Standard
70,Developer,13,71,100.0,54.76,89.05,48.33,62.07,Standard
71,Designer,7,47,80.33,32.44,78.44,39.73,57.8,Standard
72,Designer,3,46,54.36,28.43,66.99,63.21,42.93,Standard
73,Designer,12,153,92.98,57.97,86.38,41.64,61.39,Standard
74,Designer,13,81,100.0,56.81,82.52,52.85,76.5,Premium
75,Developer,4,54,62.1,42.47,81.45,66.27,47.89,Standard
76,Developer,10,59,100.0,52.22,91.35,47.52,66.71,Premium
77,Developer,2,7,40.61,7.59,81.52,79.86,29.27,Standard
78,Developer,14,193,100.0,64.25,82.58,49.72,67.0,Premium
79,Writer,13,35,100.0,68.1,91.21,44.02,81.87,Premium
80,Developer,3,11,71.68,21.2,70.36,59.35,41.89,Standard
81,Developer,3,18,49.84,25.24,76.24,68.21,42.53,Standard
82,Designer,2,2,49.55,14.02,77.26,74.16,25.75,Standard
83,Developer,12,129,90.86,57.16,75.37,42.43,65.84,Premium
84,Writer,4,37,68.33,43.29,63.09,79.2,45.24,Standard
85,Writer,8,84,100.0,43.19,87.86,53.31,68.92,Premium
86,Developer,15,153,100.0,55.46,97.07,40.38,68.18,Premium
87,Designer,13,116,91.69,53.27,84.11,51.1,74.26,Premium
88,Designer,2,10,50.94,31.85,66.81,52.62,32.87,Standard
89,Writer,9,43,71.43,39.25,90.75,58.61,50.89,Standard
90,Writer,7,38,83.71,42.71,81.12,59.01,62.23,Standard
91,Designer,10,136,100.0,52.94,71.3,55.73,61.07,Standard
92,Designer,5,44,73.73,37.36,76.47,67.73,59.71,Standard
93,Developer,2,12,50.62,30.89,67.8,71.59,37.99,Standard
94,Developer,4,10,53.86,33.0,68.79,67.98,36.63,Standard
95,Designer,4,1,43.64,43.32,54.31,64.09,35.23,Standard
96,Writer,6,80,67.05,48.35,79.73,70.21,52.72,Standard
97,Designer,15,166,90.74,63.23,82.62,46.93,69.93,Premium
98,Developer,14,140,100.0,51.94,79.24,46.45,63.56,Premium
99,Developer,11,59,94.5,58.42,71.54,45.43,64.56,Premium
100,Writer,11,158,100.0,44.64,75.0,59.4,68.39,Premium
101,Designer,12,83,93.29,50.62,77.54,49.44,64.28,Premium
102,Designer,15,90,100.0,69.61,87.75,42.82,76.91,Premium
103,Developer,9,99,100.0,52.86,93.74,58.0,73.07,Premium
104,Writer,4,43,56.08,27.34,59.34,69.87,33.01,Standard
105,Designer,10,136,87.39,47.18,79.11,61.54,64.98,Premium
106,Developer,12,90,92.79,54.5,92.59,23.39,70.25,Premium
107,Developer,10,128,95.32,47.34,76.45,58.9,56.77,Standard
108,Designer,12,94,100.0,54.32,85.95,54.62,73.55,Premium
109,Writer,14,54,100.0,67.3,80.91,52.87,70.95,Premium
110,Writer,5,37,68.96,21.31,84.67,61.95,48.41,Standard
111,Designer,13,183,97.98,54.4,78.23,50.39,65.95,Premium
112,Writer,12,175,100.0,45.11,81.38,56.9,65.78,Premium
113,Writer,14,148,100.0,58.48,82.27,26.77,73.13,Premium
114,Developer,9,32,85.99,48.63,76.95,48.45,60.41,Standard
115,Writer,8,43,82.69,41.13,85.82,44.86,53.01,Standard
116,Writer,12,68,100.0,53.66,77.96,34.97,70.29,Premium
117,Designer,11,144,88.16,57.74,82.71,44.86,74.15,Premium
118,Developer,2,19,57.33,20.81,62.75,52.04,38.3,Standard
119,Writer,5,47,64.52,40.39,63.57,58.65,56.74,Standard
120,Writer,5,18,44.86,14.52,79.32,57.63,33.54,Standard
121,Designer,10,30,100.0,35.38,87.81,61.06,67.31,Premium
122,Writer,2,18,58.18,13.5,77.37,56.63,47.84,Standard
123,Writer,8,71,77.83,48.09,76.61,51.63,58.96,Standard
124,Designer,13,166,100.0,62.07,85.91,42.76,66.36,Premium
125,Designer,14,150,92.59,69.18,83.55,25.54,79.42,Premium
126,Developer,5,22,54.71,38.09,65.16,72.51,42.89,Standard
127,Developer,14,33,100.0,60.67,74.54,38.22,70.04,Premium
128,Developer,3,40,53.73,28.09,65.2,49.74,38.64,Standard
129,Designer,3,41,51.48,24.62,74.73,63.75,40.52,Standard
130,Designer,13,88,100.0,53.64,90.23,45.81,63.85,Premium
131,Developer,4,47,62.86,22.39,66.96,61.05,38.44,Standard
132,Designer,7,25,65.23,29.06,84.5,68.9,46.53,Standard
133,Developer,12,119,100.0,67.08,84.34,43.01,68.84,Premium
134,Designer,6,36,54.24,47.07,87.59,55.02,47.37,Standard
135,Developer,9,127,66.77,47.08,73.43,56.04,54.64,Standard
136,Writer,6,75,67.28,46.85,79.74,65.24,42.84,Standard
137,Writer,5,44,60.23,35.43,82.6,53.62,48.86,Standard
138,Designer,4,3,60.55,28.81,100.0,53.38,54.52,Standard
139,Developer,4,55,68.74,37.02,81.46,45.11,50.22,Standard
140,Developer,4,39,58.44,27.41,73.31,55.46,51.43,Standard
141,Developer,4,38,41.91,37.84,100.0,52.02,43.5,Standard
142,Writer,9,100,91.48,42.84,85.07,55.83,64.37,Premium
143,Writer,1,17,54.14,27.59,61.76,84.7,27.78,Standard
144,Designer,14,86,100.0,48.11,83.89,47.03,64.06,Premium
145,Writer,2,12,68.68,35.38,66.7,72.0,44.43,Standard
146,Designer,9,102,91.5,40.43,85.94,52.03,60.93,Standard
147,Designer,5,39,80.0,39.02,64.62,76.87,51.81,Standard
148,Designer,5,39,74.78,45.72,95.17,79.04,65.62,Premium
149,Developer,7,89,63.72,36.08,83.03,62.42,47.61,Standard
150,Writer,13,167,100.0,52.61,81.99,26.75,78.45,Premium
151,Developer,11,133,79.93,53.66,86.45,28.55,69.99,Premium
152,Developer,2,10,45.72,25.25,73.45,78.84,35.41,Standard
153,Developer,13,38,100.0,62.16,74.24,41.33,75.07,Premium
154,Developer,8,79,73.58,59.76,84.69,54.98,61.16,Standard
155,Developer,3,8,62.74,28.93,71.72,66.79,45.27,Standard
156,Writer,13,31,91.34,64.57,92.48,40.48,71.93,Premium
157,Writer,4,58,41.92,31.2,87.36,66.66,36.11,Standard
158,Writer,9,120,94.58,43.06,71.47,50.83,67.93,Premium
159,Developer,8,91,90.34,44.75,88.18,65.06,58.34,Standard
160,Developer,9,40,84.05,53.37,95.8,51.44,61.61,Standard
161,Developer,3,23,62.57,25.8,66.33,43.48,48.53,Standard
162,Writer,13,63,74.1,45.63,82.75,42.94,58.91,Standard
163,Writer,4,34,70.99,32.55,68.69,48.36,49.2,Standard
164,Writer,6,67,62.21,43.02,63.73,65.01,35.38,Standard
165,Writer,2,18,50.84,25.78,59.9,68.38,27.8,Standard
166,Developer,6,71,77.93,36.22,76.57,52.85,53.12,Standard
167,Writer,13,108,100.0,70.11,75.19,37.84,77.59,Premium
168,Writer,12,124,100.0,52.2,76.53,38.45,67.04,Premium
169,Designer,13,173,62.72,58.72,80.91,39.82,53.17,Standard
170,Designer,2,5,39.28,26.21,74.42,86.04,22.25,Standard
171,Designer,1,9,34.95,18.33,71.02,70.68,32.67,Standard
172,Designer,3,26,52.56,21.01,73.78,65.46,35.14,Standard
173,Developer,9,35,100.0,46.31,72.95,62.09,55.29,Standard
174,Writer,7,48,82.84,53.39,81.7,71.31,59.85,Standard
175,Developer,2,8,63.37,31.28,56.26,78.3,49.81,Standard
176,Designer,12,53,84.0,45.4,86.01,44.07,61.56,Standard
177,Developer,1,8,68.37,25.12,50.0,70.74,32.7,Standard
178,Developer,4,51,71.62,26.43,72.12,60.44,45.04,Standard
179,Developer,5,18,63.22,46.34,90.92,71.7,40.32,Standard
180,Developer,6,20,76.71,45.52,77.83,58.53,54.37,Standard
181,Developer,4,30,70.49,19.72,83.24,71.42,47.29,Standard
182,Developer,3,3,49.4,34.06,77.87,75.17,37.77,Standard
183,Designer,9,138,100.0,49.32,71.4,44.38,66.1,Premium
184,Designer,15,148,100.0,70.3,87.52,25.87,83.87,Premium
185,Developer,14,190,100.0,69.06,91.33,45.79,80.63,Premium
186,Developer,7,72,75.74,50.08,85.97,77.23,61.97,Standard
187,Developer,9,73,83.72,46.59,74.22,47.3,53.62,Standard
188,Developer,14,106,100.0,69.52,91.36,38.29,70.15,Premium
189,Designer,3,20,70.27,22.79,90.3,59.41,47.18,Standard
190,Designer,15,65,100.0,62.16,89.54,55.97,78.49,Premium
191,Designer,10,141,76.57,52.65,75.57,52.16,58.44,Standard
192,Writer,14,152,100.0,75.77,99.25,37.11,77.58,Premium
193,Writer,13,39,99.04,44.87,84.82,45.88,75.81,Premium
194,Designer,10,81,100.0,46.22,85.15,45.45,60.92,Standard
195,Designer,12,66,93.45,52.68,74.19,46.87,60.29,Standard
196,Developer,7,89,68.53,46.26,79.11,49.83,58.64,Standard
197,Designer,13,57,100.0,65.94,67.34,68.21,76.75,Premium
198,Writer,14,66,100.0,50.39,85.9,36.34,82.72,Premium
199,Designer,4,36,52.35,6.86,79.98,82.02,39.95,Standard
200,Developer,3,31,47.26,27.5,56.06,68.8,36.51,Standard
201,Designer,1,8,66.34,19.0,69.08,67.43,45.42,Standard
202,Developer,1,2,41.19,30.18,77.47,77.37,30.76,Standard
203,Developer,6,26,74.29,42.55,67.06,50.28,51.34,Standard
204,Writer,10,61,100.0,50.17,77.31,43.48,69.25,Premium
205,Writer,15,213,100.0,72.16,92.58,33.3,71.94,Premium
206,Designer,4,42,60.1,30.75,75.57,62.08,37.25,Standard
207,Developer,3,13,65.34,19.0,80.2,54.44,53.6,Standard
208,Designer,11,107,96.6,44.62,77.5,50.13,61.62,Standard
209,Developer,13,144,100.0,72.22,67.52,50.37,79.53,Premium
210,Designer,6,67,69.17,55.32,63.42,57.57,52.86,Standard
211,Writer,10,132,98.32,60.63,94.34,69.7,67.58,Premium
212,Designer,11,56,100.0,51.91,78.88,54.76,68.38,Premium
213,Writer,10,118,100.0,52.27,84.9,49.26,63.44,Premium
214,Developer,11,151,100.0,54.67,88.05,53.93,73.17,Premium
215,Designer,6,38,69.45,30.79,72.13,49.15,57.55,Standard
216,Developer,6,65,71.93,52.17,82.78,81.42,52.93,Standard
217,Designer,6,57,60.69,53.54,74.78,47.27,55.82,Standard
218,Writer,12,79,100.0,50.74,79.22,57.67,61.91,Standard
219,Writer,10,79,95.02,51.26,83.55,35.31,67.84,Premium
220,Developer,8,46,80.88,46.08,85.7,62.94,60.05,Standard
221,Writer,6,41,84.28,26.35,66.79,72.55,56.76,Standard
222,Writer,8,100,95.28,46.28,85.91,73.24,57.38,Standard
223,Developer,10,110,95.37,42.94,100.0,40.57,66.73,Premium
224,Developer,7,51,61.01,59.85,82.56,51.79,52.59,Standard
225,Developer,10,81,100.0,56.86,73.55,60.01,66.17,Premium
226,Designer,5,17,71.34,37.78,81.3,70.58,41.58,Standard
227,Developer,15,136,100.0,73.27,100.0,39.34,75.09,Premium
228,Developer,3,12,80.18,23.14,68.53,91.53,41.23,Standard
229,Designer,8,50,59.48,25.12,78.78,48.42,50.73,Standard
230,Developer,5,52,80.11,34.58,70.39,61.13,50.57,Standard
231,Developer,1,12,34.7,23.1,64.36,66.67,30.23,Standard
232,Designer,1,3,36.06,24.77,67.44,89.66,28.75,Standard
233,Developer,8,33,100.0,48.06,74.89,44.62,68.1,Premium
234,Developer,12,31,100.0,56.14,74.48,45.34,66.58,Premium
235,Designer,13,173,100.0,74.56,94.11,59.92,76.0,Premium
236,Designer,8,68,72.65,41.33,81.06,53.72,53.48,Standard
237,Writer,1,10,28.89,23.33,66.18,70.62,28.72,Standard
238,Designer,14,142,100.0,69.4,92.52,28.31,70.65,Premium
239,Developer,7,64,67.83,37.57,77.23,43.27,43.09,Standard
240,Designer,2,28,52.35,34.2,69.7,55.13,33.92,Standard
241,Developer,3,13,46.88,20.97,77.72,59.86,33.77,Standard
242,Developer,10,123,90.41,51.56,70.14,49.38,67.69,Premium
243,Designer,8,54,57.03,52.38,81.76,56.37,50.56,Standard
244,Designer,2,24,60.05,42.08,80.0,63.33,50.72,Standard
245,Writer,13,185,100.0,62.45,69.94,55.02,64.51,Premium
246,Developer,14,42,100.0,67.05,73.76,50.64,67.01,Premium
247,Writer,14,52,100.0,60.71,72.15,52.05,65.47,Premium
248,Designer,6,15,80.8,34.74,58.48,48.36,50.45,Standard
249,Developer,11,123,90.74,56.96,90.57,38.08,75.74,Premium
250,Designer,13,124,89.95,62.16,81.1,57.6,63.31,Premium
251,Developer,3,8,51.88,23.91,74.44,47.68,39.11,Standard
252,Developer,9,51,87.68,37.6,80.3,58.54,62.53,Standard
253,Writer,10,44,92.89,51.47,93.9,50.81,74.72,Premium
254,Designer,15,176,89.81,68.96,75.74,29.96,74.49,Premium
255,Designer,10,138,88.8,42.08,85.85,54.34,67.37,Premium
256,Writer,7,45,61.57,53.71,76.67,55.26,51.88,Standard
257,Writer,9,73,61.82,25.13,84.61,45.96,52.03,Standard
258,Developer,7,85,68.61,26.13,74.29,57.26,45.95,Standard
259,Developer,3,32,42.82,19.51,73.34,71.69,34.1,Standard
260,Designer,4,50,57.31,35.44,83.47,59.77,51.43,Standard
261,Writer,4,54,58.21,24.04,80.58,67.13,31.82,Standard
262,Designer,2,24,35.85,12.69,78.87,66.36,26.18,Standard
263,Developer,11,102,94.31,51.99,90.25,58.55,72.77,Premium
264,Writer,15,147,100.0,56.4,80.4,39.03,68.79,Premium
265,Designer,14,107,100.0,69.04,69.87,28.94,71.86,Premium
266,Designer,10,72,94.93,57.62,79.42,49.73,65.01,Premium
267,Writer,6,63,53.37,39.23,57.03,60.3,31.28,Standard
268,Designer,5,55,70.93,43.05,82.51,66.58,44.76,Standard
269,Developer,14,159,100.0,66.93,91.27,57.98,72.53,Premium
270,Developer,12,86,87.05,38.8,73.1,65.67,56.49,Standard
271,Writer,8,28,70.21,43.64,85.39,63.01,48.45,Standard
272,Writer,4,50,46.01,47.95,72.78,72.66,39.08,Standard
273,Writer,2,9,48.77,41.66,76.46,59.85,43.18,Standard
274,Developer,15,50,100.0,73.95,88.58,39.94,81.08,Premium
275,Designer,14,36,100.0,56.15,89.26,45.94,62.59,Premium
276,Developer,9,47,89.38,45.7,75.52,62.12,60.27,Standard
277,Developer,6,22,59.64,30.98,81.55,74.34,45.49,Standard
278,Developer,6,32,66.62,44.51,75.52,51.44,49.55,Standard
279,Designer,8,104,63.45,35.21,83.12,56.63,42.87,Standard
280,Developer,8,23,75.35,37.94,87.97,68.78,57.55,Standard
281,Writer,14,39,100.0,68.99,96.44,53.72,80.4,Premium
282,Designer,9,50,75.24,37.48,98.43,34.95,53.79,Standard
283,Developer,6,25,80.54,44.19,74.08,61.63,53.43,Standard
284,Writer,11,64,100.0,55.83,69.72,64.46,65.04,Premium
285,Designer,11,76,74.96,50.76,78.88,54.86,63.08,Premium
286,Developer,12,106,100.0,49.55,76.85,62.72,64.37,Premium
287,Developer,5,32,64.87,35.83,90.36,65.91,57.7,Standard
288,Developer,14,163,100.0,75.82,80.84,38.49,80.44,Premium
289,Writer,11,162,73.64,40.93,72.99,61.53,44.54,Standard
290,Developer,10,127,85.79,40.06,77.89,32.25,66.27,Premium
291,Developer,13,90,100.0,61.74,91.27,33.07,76.14,Premium
292,Developer,4,45,77.66,28.29,80.09,61.45,48.74,Standard
293,Designer,12,168,100.0,45.16,88.11,43.33,64.25,Premium
294,Designer,9,37,71.55,54.84,85.92,53.74,47.99,Standard
295,Developer,13,66,100.0,56.45,88.05,35.31,70.85,Premium
296,Developer,2,12,63.27,31.84,63.71,56.12,43.75,Standard
297,Developer,14,139,100.0,77.85,81.0,34.59,69.19,Premium
298,Writer,15,40,98.12,62.25,90.5,29.63,78.27,Premium
299,Writer,4,28,73.54,35.09,66.25,46.95,44.73,Standard
300,Designer,12,59,100.0,62.16,88.69,61.18,76.41,Premium
301,Designer,2,1,45.17,30.83,64.04,72.29,47.94,Standard
302,Designer,15,118,100.0,58.05,87.18,49.96,67.59,Premium
303,Designer,15,104,100.0,69.83,88.32,45.17,74.97,Premium
304,Designer,12,98,84.36,56.01,68.76,33.33,60.01,Standard
305,Designer,11,80,99.1,48.51,67.09,60.44,59.69,Standard
306,Designer,5,26,52.68,37.35,57.96,67.89,33.72,Standard
307,Designer,2,20,55.38,15.38,83.88,92.37,40.76,Standard
308,Developer,15,119,100.0,53.48,92.2,52.46,72.33,Premium
309,Developer,9,130,78.46,54.11,74.31,64.89,51.05,Standard
310,Writer,7,47,69.07,41.81,68.3,64.47,53.73,Standard
311,Designer,15,216,100.0,57.23,84.28,41.34,64.63,Premium
312,Developer,10,139,89.18,57.44,70.61,60.92,61.17,Standard
313,Developer,12,121,91.16,52.51,83.27,67.39,64.91,Premium
314,Designer,6,32,77.49,43.46,62.71,65.72,54.13,Standard
315,Designer,3,17,62.1,24.99,79.16,53.57,41.31,Standard
316,Developer,3,28,49.47,38.02,71.77,84.14,40.83,Standard
317,Designer,9,48,93.88,52.23,75.18,47.08,60.9,Standard
318,Developer,12,123,100.0,55.18,80.48,43.75,70.14,Premium
319,Designer,8,88,69.96,37.93,89.02,30.46,56.08,Standard
320,Developer,2,16,33.33,23.94,81.95,73.55,36.78,Standard
321,Developer,13,103,100.0,49.7,78.05,43.37,69.22,Premium
322,Developer,14,157,100.0,65.27,89.23,52.56,75.55,Premium
323,Designer,11,87,84.23,42.97,82.04,24.73,63.11,Premium
324,Developer,2,14,43.55,25.85,62.76,73.12,40.09,Standard
325,Designer,2,12,79.78,16.79,83.42,53.83,48.09,Standard
326,Designer,9,62,95.36,49.84,89.53,57.88,70.2,Premium
327,Writer,15,115,100.0,60.81,100.0,31.62,88.08,Premium
328,Developer,14,108,100.0,60.67,86.98,40.96,81.5,Premium
329,Designer,5,42,75.79,35.75,83.94,82.77,55.97,Standard
330,Developer,13,103,100.0,57.87,82.87,39.44,68.07,Premium
331,Writer,13,69,65.18,74.41,74.31,52.47,57.71,Standard
332,Designer,14,76,100.0,60.96,92.02,62.87,77.23,Premium
333,Designer,8,109,95.95,36.4,78.47,59.76,53.81,Standard
334,Writer,10,72,92.48,42.33,91.37,55.05,59.25,Standard
335,Developer,3,27,44.66,16.39,80.72,52.71,31.48,Standard
336,Writer,8,82,76.21,40.15,69.03,56.01,47.74,Standard
337,Developer,12,126,100.0,53.83,86.84,52.41,67.61,Premium
338,Writer,2,10,35.01,19.08,75.59,61.77,23.15,Standard
339,Writer,14,150,100.0,71.75,69.46,64.26,73.07,Premium
340,Writer,10,33,94.49,52.66,81.9,53.53,67.9,Premium
341,Designer,5,80,76.39,30.81,83.7,64.59,54.43,Standard
342,Writer,2,23,40.39,14.64,78.62,77.41,33.98,Standard
343,Writer,9,95,78.55,51.27,78.05,74.96,45.43,Standard
344,Developer,8,17,79.86,44.66,81.77,56.23,52.6,Standard
345,Developer,4,44,47.2,37.95,86.01,61.35,43.56,Standard
346,Designer,8,85,92.9,44.33,82.24,65.98,61.15,Standard
347,Developer,9,68,89.08,38.87,51.82,37.37,50.71,Standard
348,Writer,3,34,57.18,18.64,79.38,63.82,42.79,Standard
349,Designer,6,50,63.6,23.17,86.57,62.72,38.56,Standard
350,Designer,7,87,100.0,47.5,70.67,69.4,71.84,Premium
351,Writer,3,21,44.2,30.74,68.75,63.72,29.94,Standard
352,Writer,5,29,69.7,29.71,68.18,57.25,36.55,Standard
353,Developer,9,44,80.93,37.51,85.65,51.09,59.09,Standard
354,Writer,7,60,77.68,55.83,69.96,63.94,52.68,Standard
355,Developer,12,101,100.0,45.46,79.63,63.54,64.3,Premium
356,Designer,14,195,100.0,50.63,82.66,37.23,82.8,Premium
357,Writer,12,150,85.34,52.78,81.68,53.17,59.75,Standard
358,Designer,14,68,100.0,64.56,68.64,55.65,75.03,Premium
359,Writer,9,88,78.45,45.34,91.42,47.3,57.43,Standard
360,Designer,10,40,65.05,46.71,98.79,48.47,56.8,Standard
361,Developer,14,95,97.28,48.93,80.84,24.89,77.98,Premium
362,Developer,3,38,76.36,20.9,68.78,68.07,43.35,Standard
363,Designer,10,100,89.32,47.43,76.12,40.75,68.81,Premium
364,Writer,7,84,61.32,44.4,72.04,52.63,48.1,Standard
365,Developer,11,124,92.63,48.7,76.19,35.9,61.19,Standard
366,Designer,12,81,87.15,63.91,75.6,29.55,71.36,Premium
367,Writer,10,45,93.99,63.37,76.96,63.84,66.62,Premium
368,Developer,5,26,81.14,42.98,87.19,65.67,46.83,Standard
369,Writer,7,27,73.46,40.42,68.46,71.01,48.42,Standard
370,Developer,7,86,67.75,34.6,83.83,64.76,44.46,Standard
371,Developer,2,1,56.73,28.97,83.65,63.66,43.43,Standard
372,Writer,13,88,100.0,45.99,79.91,62.87,69.63,Premium
373,Writer,8,112,100.0,56.32,64.56,61.44,69.11,Premium
374,Developer,6,57,58.92,42.03,72.38,75.54,47.62,Standard
375,Designer,6,35,81.92,30.2,69.79,62.45,47.08,Standard
376,Developer,12,129,100.0,52.34,95.85,55.24,80.39,Premium
377,Writer,10,34,69.55,39.95,83.8,45.31,41.38,Standard
378,Developer,15,216,98.29,65.04,88.15,25.19,77.46,Premium
379,Developer,7,47,71.27,37.47,74.93,47.19,56.25,Standard
380,Developer,13,143,100.0,64.68,78.12,57.57,69.56,Premium
381,Designer,1,10,39.61,40.62,67.87,53.14,43.29,Standard
382,Writer,11,55,88.84,44.14,90.91,49.56,56.85,Standard
383,Designer,1,9,51.32,20.4,74.49,56.37,37.35,Standard
384,Developer,11,35,100.0,63.67,66.56,41.37,61.16,Standard
385,Writer,7,82,89.81,25.51,79.35,66.82,64.16,Premium
386,Developer,15,182,99.25,64.98,89.4,36.52,78.86,Premium
387,Writer,14,191,100.0,59.79,72.96,51.92,65.7,Premium
388,Designer,9,87,93.43,42.3,86.56,67.31,64.77,Premium
389,Designer,10,75,81.61,38.39,63.49,31.65,50.29,Standard
390,Developer,4,65,60.21,20.47,77.94,59.19,49.4,Standard
391,Designer,2,30,63.34,20.44,69.44,73.74,36.2,Standard
392,Developer,7,54,78.85,42.9,68.01,45.39,46.09,Standard
393,Developer,3,18,43.48,25.58,69.32,56.84,26.24,Standard
394,Writer,10,44,82.44,41.44,76.41,58.45,63.27,Premium
395,Designer,12,48,100.0,55.68,90.91,45.1,67.17,Premium
396,Writer,13,155,92.3,59.15,79.33,37.33,64.04,Premium
397,Designer,5,60,59.77,32.43,65.92,61.78,47.48,Standard
398,Designer,3,30,40.96,29.14,61.86,74.99,28.58,Standard
399,Developer,6,60,81.94,31.67,85.41,58.08,56.62,Standard
400,Developer,15,186,100.0,66.75,83.57,44.56,77.94,Premium
401,Developer,1,8,35.75,29.26,80.83,62.22,24.68,Standard
402,Developer,12,46,100.0,57.46,79.31,57.41,73.67,Premium
403,Writer,13,49,94.24,62.34,75.98,46.05,66.77,Premium
404,Developer,8,90,74.52,47.33,77.28,58.78,48.6,Standard
405,Developer,14,168,93.91,43.52,82.73,64.2,58.66,Standard
406,Developer,11,117,85.11,52.35,83.86,50.8,65.4,Premium
407,Developer,14,191,100.0,67.12,89.55,40.53,81.47,Premium
408,Designer,14,146,94.28,58.98,96.71,55.07,56.29,Standard
409,Writer,9,76,86.36,46.41,88.5,52.64,60.12,Standard
410,Developer,3,37,58.83,27.38,77.81,70.52,44.69,Standard
411,Developer,10,40,87.51,59.89,79.48,41.76,68.15,Premium
412,Designer,5,24,62.76,26.38,72.99,67.6,40.06,Standard
413,Developer,10,93,100.0,45.35,93.47,46.6,75.17,Premium
414,Developer,6,34,59.6,40.98,83.49,57.2,48.74,Standard
415,Designer,2,30,43.39,33.56,78.05,56.24,42.42,Standard
416,Designer,14,69,100.0,64.08,93.02,51.14,75.11,Premium
417,Developer,1,10,39.61,33.02,84.78,67.14,33.23,Standard
418,Developer,4,42,43.48,28.35,87.06,60.47,40.07,Standard
419,Designer,12,91,99.63,57.82,86.48,46.32,70.81,Premium
420,Writer,8,27,70.12,42.88,82.06,59.21,52.88,Standard
421,Designer,3,6,53.19,40.66,73.78,62.76,48.46,Standard
422,Writer,13,95,100.0,71.44,79.5,57.86,78.71,Premium
423,Writer,3,17,36.95,40.47,79.6,78.58,41.73,Standard
424,Developer,12,41,100.0,56.69,91.47,44.92,60.24,Standard
425,Developer,7,44,100.0,37.95,66.55,66.2,56.65,Standard
426,Developer,14,164,100.0,63.85,79.66,33.2,71.39,Premium
427,Developer,12,36,100.0,58.07,79.81,48.35,81.81,Premium
428,Designer,11,91,83.91,63.65,100.0,37.06,75.36,Premium
429,Writer,11,50,100.0,49.62,80.56,63.76,68.75,Premium
430,Developer,3,15,46.84,42.84,66.5,78.68,28.13,Standard
431,Developer,12,103,92.76,52.28,84.58,44.1,57.28,Standard
432,Designer,12,60,74.23,48.35,74.23,52.24,55.49,Standard
433,Designer,1,13,49.14,21.07,64.63,66.8,37.98,Standard
434,Designer,12,96,98.46,62.07,92.04,50.71,80.7,Premium
435,Developer,10,71,98.84,47.78,86.53,30.23,62.62,Premium
436,Developer,9,84,74.34,37.26,77.56,65.23,51.01,Standard
437,Writer,9,49,78.59,49.17,79.81,44.55,48.34,Standard
438,Writer,7,58,66.19,39.78,75.8,66.72,63.81,Premium
439,Developer,13,170,100.0,56.14,78.02,46.0,70.32,Premium
440,Developer,10,42,81.9,47.65,79.89,37.29,66.38,Premium
441,Developer,10,101,82.81,58.38,82.52,57.9,75.74,Premium
442,Designer,15,149,100.0,46.79,81.95,38.36,64.84,Premium
443,Developer,2,26,69.36,32.21,64.5,64.96,41.62,Standard
444,Developer,7,32,82.78,34.46,62.0,47.8,51.01,Standard
445,Designer,10,137,99.04,52.58,77.05,55.42,60.3,Standard
446,Developer,1,1,33.54,25.42,82.13,53.97,34.51,Standard
447,Writer,8,77,68.01,34.97,66.97,53.66,51.0,Standard
448,Developer,15,189,100.0,76.68,91.61,58.54,87.75,Premium
449,Developer,15,111,100.0,68.67,79.01,22.42,73.99,Premium
450,Developer,15,160,100.0,55.53,88.27,48.24,63.26,Premium
451,Developer,6,67,50.96,37.26,67.76,52.42,35.83,Standard
452,Developer,14,174,96.59,70.19,81.47,46.13,82.54,Premium
453,Designer,15,74,100.0,65.83,90.52,50.13,78.39,Premium
454,Developer,10,104,92.47,50.96,72.88,69.32,60.21,Standard
455,Designer,8,22,93.05,36.32,72.16,53.99,58.47,Standard
456,Developer,15,213,100.0,67.74,84.41,48.78,83.65,Premium
457,Developer,12,104,76.71,59.33,84.49,34.62,68.92,Premium
458,Developer,10,100,99.11,54.42,70.28,68.62,73.53,Premium
459,Writer,11,110,100.0,42.33,78.49,49.85,73.66,Premium
460,Designer,7,95,87.12,40.2,75.98,73.99,63.98,Premium
461,Writer,6,40,54.13,21.08,69.37,49.55,37.29,Standard
462,Developer,10,130,100.0,43.39,83.19,50.64,65.21,Premium
463,Developer,15,190,100.0,66.98,88.93,49.67,72.89,Premium
464,Designer,14,183,100.0,45.33,81.35,52.4,74.08,Premium
465,Developer,8,67,74.42,35.27,85.99,53.69,57.95,Standard
466,Developer,13,49,100.0,48.75,82.35,47.15,66.93,Premium
467,Designer,2,10,57.99,15.03,71.01,80.63,40.34,Standard
468,Designer,12,47,91.16,43.76,73.63,59.01,56.91,Standard
469,Designer,12,157,87.01,61.4,75.91,49.17,59.11,Standard
470,Developer,4,39,56.43,38.0,71.66,67.43,47.77,Standard
471,Designer,7,104,58.96,37.67,70.77,44.13,44.98,Standard
472,Developer,9,87,84.7,62.12,77.7,37.7,65.12,Premium
473,Designer,15,78,100.0,64.05,70.9,39.88,74.88,Premium
474,Writer,15,43,100.0,66.5,75.75,28.73,71.31,Premium
475,Developer,3,14,34.62,36.01,67.05,74.26,27.83,Standard
476,Writer,14,90,100.0,45.21,87.88,29.44,81.48,Premium
477,Writer,10,80,95.16,53.11,89.35,47.86,78.78,Premium
478,Writer,15,149,100.0,59.74,81.74,56.44,65.69,Premium
479,Designer,13,109,99.96,65.02,86.47,34.71,75.08,Premium
480,Writer,10,72,92.76,62.89,78.94,74.17,70.51,Premium
481,Designer,6,43,56.57,49.17,82.26,41.87,50.78,Standard
482,Writer,10,106,100.0,46.66,81.17,69.81,61.48,Standard
483,Designer,9,113,67.83,47.29,81.46,66.67,50.92,Standard
484,Designer,8,87,78.21,46.67,72.25,46.71,60.55,Standard
485,Developer,15,128,100.0,73.48,76.57,29.71,82.04,Premium
486,Writer,3,37,40.73,19.71,74.54,46.52,36.22,Standard
487,Writer,7,27,63.79,28.97,78.39,48.62,50.92,Standard
488,Developer,5,73,57.52,49.94,79.75,65.85,50.47,Standard
489,Writer,2,2,44.07,30.97,74.88,70.98,37.0,Standard
490,Developer,5,15,80.23,38.62,87.12,57.25,58.11,Standard
491,Developer,9,106,73.08,60.4,88.22,66.44,57.05,Standard
492,Developer,13,191,100.0,67.6,85.22,55.08,79.76,Premium
493,Developer,13,165,100.0,59.08,65.26,48.56,67.54,Premium
494,Developer,11,64,100.0,43.07,79.93,43.41,65.89,Premium
495,Developer,10,119,68.12,58.91,71.44,68.97,41.1,Standard
496,Developer,10,73,87.64,54.61,77.9,52.98,63.84,Premium
497,Developer,8,31,76.23,53.14,71.87,49.34,51.42,Standard
498,Developer,14,148,100.0,62.95,92.15,59.67,77.27,Premium
499,Writer,14,101,100.0,58.88,87.73,42.65,67.69,Premium
500,Designer,11,154,100.0,60.65,71.06,60.71,69.49,Premium
501,Writer,7,59,63.9,44.94,75.54,55.2,47.57,Standard
502,Developer,6,89,46.79,22.75,66.81,50.82,44.04,Standard
503,Designer,5,40,69.2,40.44,53.75,51.35,44.83,Standard
504,Designer,13,172,100.0,56.1,90.31,37.19,82.28,Premium
505,Developer,6,73,42.91,47.41,91.8,61.95,42.56,Standard
506,Developer,15,59,100.0,64.83,88.96,41.36,79.58,Premium
507,Developer,14,102,100.0,58.85,86.08,36.44,69.48,Premium
508,Developer,9,38,88.35,54.46,89.85,49.72,67.96,Premium
509,Writer,9,106,87.17,48.47,74.18,46.15,60.84,Standard
510,Designer,10,77,100.0,43.47,84.28,33.94,57.84,Standard
511,Designer,13,177,100.0,49.64,97.77,52.86,75.38,Premium
512,Designer,3,34,32.84,27.04,66.42,73.79,31.03,Standard
513,Writer,12,77,100.0,53.88,79.64,51.78,73.69,Premium
514,Developer,7,24,80.18,34.3,78.01,47.66,54.68,Standard
515,Developer,5,53,65.16,36.5,87.22,68.27,55.66,Standard
516,Developer,8,81,56.41,43.84,78.84,39.09,49.71,Standard
517,Developer,3,22,42.23,38.93,83.04,67.99,29.44,Standard
518,Designer,3,27,29.35,23.93,62.32,57.65,24.88,Standard
519,Writer,2,23,59.22,33.18,78.59,55.79,47.1,Standard
520,Writer,9,49,84.31,51.54,90.24,51.96,66.23,Premium
521,Designer,6,34,79.29,45.61,79.52,70.99,56.4,Standard
522,Writer,15,208,100.0,63.14,90.68,22.91,81.84,Premium
523,Developer,6,58,75.75,38.27,75.23,57.29,58.62,Standard
524,Developer,10,109,99.13,42.45,80.04,49.54,55.62,Standard
525,Developer,8,50,93.37,40.66,83.43,50.81,58.45,Standard
526,Developer,4,31,55.13,33.59,77.91,81.08,35.46,Standard
527,Developer,7,34,47.45,44.51,73.6,54.99,52.54,Standard
528,Designer,9,121,63.8,50.94,78.27,69.04,40.91,Standard
529,Designer,4,38,42.22,36.7,79.94,67.98,35.11,Standard
530,Designer,2,13,43.02,19.5,57.43,59.24,28.3,Standard
531,Designer,10,105,85.29,49.62,75.36,43.54,63.46,Premium
532,Designer,3,15,49.5,32.28,74.46,59.13,37.69,Standard
533,Designer,14,157,100.0,60.46,62.86,43.93,70.02,Premium
534,Developer,3,23,62.23,27.58,77.22,73.35,49.86,Standard
535,Designer,9,109,86.51,53.66,77.53,55.31,59.9,Standard
536,Developer,9,110,97.09,53.93,77.53,62.1,70.54,Premium
537,Writer,5,59,80.76,40.1,70.41,51.24,56.94,Standard
538,Designer,15,50,100.0,62.08,83.16,43.67,74.68,Premium
539,Writer,6,28,56.13,54.2,74.32,89.32,41.38,Standard
540,Developer,8,89,80.64,46.25,69.55,46.44,57.25,Standard
541,Writer,13,108,100.0,60.75,82.82,46.93,79.7,Premium
542,Designer,7,92,73.86,36.86,76.2,68.48,51.44,Standard
543,Developer,11,39,90.28,38.81,80.79,47.76,61.55,Standard
544,Developer,2,14,56.94,28.75,71.32,66.63,42.01,Standard
545,Designer,13,147,100.0,63.55,93.73,26.49,72.76,Premium
546,Developer,13,149,100.0,60.55,78.29,47.26,76.39,Premium
547,Designer,13,145,100.0,67.43,84.49,45.12,74.33,Premium
548,Writer,6,75,57.62,32.39,74.99,60.97,40.65,Standard
549,Developer,5,65,56.01,32.63,57.62,87.33,38.73,Standard
550,Developer,3,21,75.16,29.26,79.05,78.34,50.22,Standard
551,Developer,14,116,100.0,66.35,78.01,36.25,80.14,Premium
552,Writer,8,95,57.84,36.12,73.39,49.59,40.95,Standard
553,Writer,15,75,100.0,79.05,82.32,31.19,86.09,Premium
554,Developer,7,45,87.18,44.21,69.28,56.01,57.26,Standard
555,Writer,12,84,100.0,62.44,81.64,60.6,65.43,Premium
556,Developer,12,34,100.0,55.23,60.74,60.16,66.77,Premium
557,Designer,5,31,35.81,45.84,70.02,74.89,33.12,Standard
558,Developer,13,164,100.0,66.86,80.26,43.89,74.0,Premium
559,Developer,12,38,100.0,50.39,59.89,52.36,59.13,Standard
560,Designer,3,26,74.64,22.57,66.92,70.51,35.72,Standard
561,Developer,7,67,89.8,50.36,81.87,70.73,64.32,Premium
562,Writer,7,59,93.24,41.05,78.22,71.71,62.09,Standard
563,Developer,1,1,50.26,24.14,75.76,71.46,39.72,Standard
564,Developer,3,30,50.54,35.17,74.6,66.64,42.2,Standard
565,Designer,6,58,68.77,30.0,88.43,60.55,45.68,Standard
566,Designer,10,117,90.42,56.79,67.24,41.33,69.63,Premium
567,Developer,5,25,44.01,39.37,77.41,54.55,48.57,Standard
568,Developer,3,9,63.87,32.57,68.13,64.23,44.6,Standard
569,Writer,2,8,63.65,22.67,73.05,72.27,40.14,Standard
570,Writer,8,107,74.14,38.14,88.79,46.22,64.3,Premium
571,Writer,7,101,47.34,36.63,69.87,57.39,37.93,Standard
572,Writer,7,49,72.95,38.53,92.62,64.52,58.75,Standard
573,Writer,5,26,51.04,39.35,75.88,67.54,37.65,Standard
574,Designer,12,99,89.58,55.0,71.14,56.68,62.31,Standard
575,Developer,8,77,83.59,36.59,75.67,57.02,55.54,Standard
576,Developer,4,39,38.39,44.14,72.89,51.89,48.72,Standard
577,Designer,9,95,97.7,48.25,79.62,81.83,67.54,Premium
578,Developer,2,5,32.71,28.32,70.58,68.19,29.66,Standard
579,Developer,10,95,75.54,26.79,86.43,42.95,53.07,Standard
580,Developer,11,120,100.0,45.32,74.75,36.71,68.18,Premium
581,Writer,5,28,52.73,37.06,80.64,65.2,38.4,Standard
582,Designer,8,57,63.88,40.78,77.66,68.85,56.75,Standard
583,Developer,6,46,83.67,26.73,77.37,61.38,52.8,Standard
584,Designer,11,56,100.0,65.63,78.36,49.82,76.43,Premium
585,Designer,3,38,58.62,14.63,82.13,64.93,39.47,Standard
586,Writer,15,73,100.0,76.51,81.99,43.32,79.74,Premium
587,Writer,10,69,83.39,43.87,79.23,64.87,50.11,Standard
588,Writer,11,64,84.21,42.44,79.6,41.11,65.21,Premium
589,Writer,11,31,85.7,60.37,83.84,56.63,69.83,Premium
590,Writer,2,21,45.8,25.08,73.07,62.9,37.52,Standard
591,Designer,5,16,46.23,44.08,74.07,57.31,34.81,Standard
592,Developer,14,58,100.0,60.47,80.09,47.03,73.31,Premium
593,Writer,10,97,86.06,45.49,88.16,50.7,60.54,Standard
594,Writer,10,39,95.71,55.25,95.61,60.24,71.6,Premium
595,Developer,8,92,89.06,35.39,72.89,53.61,64.23,Premium
596,Designer,10,147,100.0,41.75,54.88,64.15,55.77,Standard
597,Designer,3,11,62.52,21.02,68.51,54.65,35.4,Standard
598,Writer,10,102,100.0,39.45,91.63,59.7,76.81,Premium
599,Developer,13,95,100.0,74.73,87.24,37.81,90.99,Premium
600,Designer,1,7,32.18,23.01,73.28,74.12,22.77,Standard
601,Developer,15,66,100.0,69.37,100.0,43.31,88.96,Premium
602,Writer,11,91,100.0,60.71,76.25,60.62,72.06,Premium
603,Developer,11,43,100.0,22.2,85.25,49.54,56.85,Standard
604,Writer,4,50,50.44,20.61,63.35,68.8,31.58,Standard
605,Designer,14,174,99.84,55.46,86.88,35.66,69.75,Premium
606,Writer,6,89,69.57,24.88,84.96,71.95,48.35,Standard
607,Developer,4,6,68.24,44.21,81.01,68.89,61.83,Standard
608,Writer,9,87,90.48,44.28,91.46,50.0,73.53,Premium
609,Designer,9,29,74.48,60.69,92.82,54.82,62.6,Premium
610,Writer,8,54,61.52,43.84,81.2,50.96,52.24,Standard
611,Developer,4,38,36.46,36.24,78.73,58.49,33.0,Standard
612,Developer,4,11,57.17,38.35,67.68,61.75,37.4,Standard
613,Writer,7,30,78.98,29.63,82.76,51.57,53.55,Standard
614,Writer,10,128,89.74,55.95,82.03,59.22,64.21,Premium
615,Writer,9,39,90.45,54.44,85.3,51.46,62.59,Standard
616,Designer,10,143,79.8,56.85,89.97,42.52,59.95,Standard
617,Designer,5,18,52.86,50.86,69.22,41.44,52.57,Standard
618,Designer,14,194,100.0,57.86,82.98,63.38,63.51,Premium
619,Developer,10,48,90.46,61.95,74.73,44.89,62.49,Standard
620,Developer,7,36,66.28,37.72,72.9,57.37,52.67,Standard
621,Developer,14,140,100.0,52.48,85.26,40.93,72.49,Premium
622,Developer,7,80,74.97,29.49,58.2,57.59,45.31,Standard
623,Developer,5,71,95.35,43.38,71.07,59.99,55.91,Standard
624,Designer,12,155,100.0,54.72,84.95,37.97,72.87,Premium
625,Writer,1,12,55.24,31.66,56.48,82.82,34.66,Standard
626,Designer,1,14,42.44,24.84,78.34,75.25,35.07,Standard
627,Writer,2,25,55.6,22.54,81.6,73.0,44.01,Standard
628,Developer,11,132,100.0,51.97,78.88,59.79,62.24,Standard
629,Designer,6,50,77.82,36.43,69.02,64.21,54.78,Standard
630,Writer,6,55,59.67,32.08,64.08,55.28,43.74,Standard
631,Designer,2,21,52.31,27.43,63.81,51.36,34.18,Standard
632,Developer,12,78,86.31,48.86,84.69,49.45,57.13,Standard
633,Developer,12,138,100.0,49.64,74.24,48.97,73.32,Premium
634,Designer,14,133,100.0,51.02,82.84,42.08,68.18,Premium
635,Developer,1,7,54.49,5.0,78.23,52.74,40.6,Standard
636,Writer,12,114,100.0,45.95,83.7,47.18,63.51,Premium
637,Designer,12,89,96.34,54.37,85.41,42.17,68.95,Premium
638,Developer,1,5,30.42,24.72,74.71,55.38,27.76,Standard
639,Writer,14,108,100.0,72.46,87.21,39.9,79.17,Premium
640,Writer,6,61,59.55,30.65,77.54,59.74,43.75,Standard
641,Writer,9,27,64.06,35.65,73.84,50.57,52.73,Standard
642,Designer,14,184,100.0,71.97,97.33,45.13,85.11,Premium
643,Writer,8,50,64.51,49.61,98.83,54.9,62.38,Standard
644,Writer,2,24,43.2,22.33,74.97,77.77,37.62,Standard
645,Designer,6,79,76.66,32.39,87.51,58.1,46.1,Standard
646,Developer,5,53,71.03,45.97,80.8,88.28,56.97,Standard
647,Developer,7,88,82.82,41.99,82.83,52.28,55.21,Standard
648,Writer,6,48,83.17,28.23,72.68,53.43,47.6,Standard
649,Developer,15,151,100.0,63.58,96.48,26.04,81.1,Premium
650,Designer,3,37,50.2,27.64,74.21,74.33,37.53,Standard
651,Designer,8,68,72.19,39.35,86.08,46.81,64.45,Premium
652,Developer,1,25,47.41,21.55,73.52,70.14,36.87,Standard
653,Developer,3,9,50.29,19.18,84.85,53.26,43.03,Standard
654,Developer,11,74,92.56,46.02,75.39,47.37,74.72,Premium
655,Developer,13,90,98.27,64.27,84.15,53.37,75.91,Premium
656,Designer,7,44,57.89,43.65,78.11,43.63,44.3,Standard
657,Developer,6,18,66.09,39.21,71.57,65.09,42.6,Standard
658,Designer,6,54,77.85,36.79,82.15,49.65,56.53,Standard
659,Developer,3,19,55.09,31.3,69.57,71.83,35.75,Standard
660,Designer,9,85,80.53,48.72,62.87,48.43,58.18,Standard
661,Developer,11,154,85.51,41.48,83.69,60.23,53.51,Standard
662,Developer,14,83,100.0,67.52,85.15,63.75,73.04,Premium
663,Developer,6,53,71.57,35.95,80.45,71.25,52.62,Standard
664,Designer,10,108,93.71,49.17,86.66,52.09,63.11,Premium
665,Designer,15,208,100.0,78.64,91.41,38.15,88.86,Premium
666,Developer,12,123,100.0,58.85,82.79,47.2,74.21,Premium
667,Writer,10,95,100.0,59.24,74.59,37.72,77.57,Premium
668,Designer,12,108,88.81,58.11,85.04,40.92,60.35,Standard
669,Writer,14,60,100.0,59.04,82.73,46.17,79.2,Premium
670,Developer,9,79,97.92,40.56,64.45,63.51,59.14,Standard
671,Writer,11,124,90.39,60.65,84.88,55.86,63.38,Premium
672,Designer,8,99,52.02,48.82,82.96,44.68,48.29,Standard
673,Developer,10,72,89.8,51.33,90.69,42.69,64.34,Premium
674,Developer,2,31,35.85,17.7,85.54,72.96,30.05,Standard
675,Developer,6,70,70.32,36.29,73.05,66.8,55.29,Standard
676,Designer,15,183,100.0,57.47,79.18,39.18,75.07,Premium
677,Designer,7,94,89.05,59.27,72.76,61.87,61.39,Standard
678,Designer,7,63,82.82,33.6,88.55,62.23,59.9,Standard
679,Developer,3,27,42.36,34.16,72.78,80.46,25.18,Standard
680,Developer,9,29,94.11,40.18,87.41,59.65,69.55,Premium
681,Developer,1,14,38.45,23.93,86.26,55.99,34.31,Standard
682,Designer,9,55,80.04,58.4,76.08,56.16,66.05,Premium
683,Writer,6,29,59.06,39.89,84.61,60.26,53.17,Standard
684,Designer,13,167,100.0,64.58,81.56,61.12,74.15,Premium
685,Developer,9,55,95.44,37.89,80.81,75.43,75.56,Premium
686,Developer,2,14,54.67,27.69,65.69,77.26,41.6,Standard
687,Designer,5,21,67.04,32.41,95.36,59.49,53.79,Standard
688,Developer,4,23,55.54,37.95,81.57,53.99,46.86,Standard
689,Designer,6,50,75.24,25.39,72.47,72.54,52.78,Standard
690,Writer,14,35,100.0,49.03,83.98,37.75,66.82,Premium
691,Developer,7,77,69.86,38.29,73.62,75.79,50.42,Standard
692,Designer,6,19,63.4,59.62,73.64,65.67,49.23,Standard
693,Developer,12,39,86.74,54.57,77.42,50.9,63.26,Premium
694,Designer,15,133,100.0,66.89,76.06,44.99,66.81,Premium
695,Developer,2,3,32.09,29.71,59.82,59.54,27.55,Standard
696,Developer,11,108,100.0,52.86,78.11,49.62,71.26,Premium
697,Developer,3,28,66.26,20.48,76.12,70.85,41.9,Standard
698,Designer,1,13,35.25,7.9,73.47,62.86,12.45,Standard
699,Developer,3,32,65.04,34.35,81.03,66.43,39.08,Standard
700,Developer,4,33,80.46,29.82,70.48,64.23,53.79,Standard
701,Developer,13,42,86.49,44.6,95.53,52.53,65.77,Premium
702,Developer,3,33,71.87,37.37,73.8,74.25,41.48,Standard
703,Designer,1,14,39.76,18.4,76.96,72.42,29.38,Standard
704,Developer,10,57,100.0,42.03,87.57,54.76,66.09,Premium
705,Designer,1,1,43.61,22.14,85.17,78.27,38.2,Standard
706,Designer,11,50,82.57,49.48,84.07,70.57,63.0,Premium
707,Writer,2,3,45.07,18.93,80.27,63.74,36.51,Standard
708,Designer,9,92,70.77,45.58,79.67,61.08,52.15,Standard
709,Developer,3,38,75.42,36.93,64.1,54.59,51.26,Standard
710,Developer,4,22,77.44,37.06,80.22,61.52,55.82,Standard
711,Developer,12,42,100.0,56.5,80.71,56.05,70.19,Premium
712,Developer,2,26,44.34,30.19,74.19,65.83,28.45,Standard
713,Developer,14,141,100.0,50.76,89.87,41.83,69.91,Premium
714,Writer,10,30,78.48,46.35,83.17,54.55,64.0,Premium
715,Developer,15,76,100.0,54.71,89.36,60.39,70.24,Premium
716,Developer,15,55,100.0,61.89,84.22,39.6,79.59,Premium
717,Developer,1,1,70.08,38.44,71.12,57.02,49.05,Standard
718,Developer,3,27,64.15,43.23,50.0,77.2,39.95,Standard
719,Designer,5,45,40.88,46.58,80.31,58.11,36.6,Standard
720,Developer,9,107,71.86,42.22,73.68,56.59,50.11,Standard
721,Developer,9,65,99.57,41.48,83.46,45.61,64.44,Premium
722,Writer,5,47,67.67,46.59,77.13,43.24,59.6,Standard
723,Developer,5,12,43.58,32.56,84.1,71.89,29.63,Standard
724,Designer,11,126,94.18,47.04,87.97,60.46,81.1,Premium
725,Writer,12,107,98.04,72.04,82.87,67.7,74.48,Premium
726,Developer,13,51,100.0,60.41,81.25,40.72,65.51,Premium
727,Developer,14,92,100.0,50.88,95.49,37.05,72.47,Premium
728,Writer,4,38,57.17,36.57,77.06,66.5,39.18,Standard
729,Developer,3,25,45.79,32.18,61.71,54.55,29.14,Standard
730,Writer,10,137,99.0,52.3,76.57,60.56,70.39,Premium
731,Developer,4,34,77.09,21.79,70.16,59.6,50.06,Standard
732,Writer,11,116,83.91,78.37,75.91,43.16,65.51,Premium
733,Developer,7,79,65.8,38.24,65.72,51.12,47.08,Standard
734,Writer,12,80,100.0,61.54,81.85,54.09,75.45,Premium
735,Designer,12,61,100.0,53.4,88.65,40.67,68.76,Premium
736,Designer,2,5,39.35,36.11,74.39,68.69,22.11,Standard
737,Writer,8,36,100.0,49.4,80.3,47.27,64.77,Premium
738,Developer,15,63,100.0,68.31,78.81,38.47,75.9,Premium
739,Developer,1,1,44.43,14.03,65.22,47.53,31.73,Standard
740,Developer,12,50,99.11,56.74,68.7,48.65,66.28,Premium
741,Designer,3,38,50.72,44.24,78.15,55.77,40.15,Standard
742,Developer,7,95,65.77,33.87,73.46,44.3,53.07,Standard
743,Designer,6,90,63.0,46.95,62.22,55.18,50.62,Standard
744,Designer,10,75,82.89,57.27,93.88,61.92,60.74,Standard
745,Writer,9,56,62.95,39.95,90.47,63.11,54.78,Standard
746,Designer,9,31,85.36,42.64,91.95,49.27,58.7,Standard
747,Writer,15,197,100.0,57.14,88.21,34.23,70.93,Premium
748,Developer,2,16,45.53,15.63,73.45,49.93,39.58,Standard
749,Designer,5,59,69.57,40.74,78.03,37.47,52.84,Standard
750,Developer,12,128,87.85,52.44,88.36,42.91,64.2,Premium
751,Designer,10,104,95.51,38.89,74.95,56.5,59.92,Standard
752,Designer,10,102,81.52,44.39,71.34,49.45,52.25,Standard
753,Writer,11,130,100.0,63.09,77.46,50.51,70.46,Premium
754,Writer,2,21,39.7,14.83,74.75,75.44,35.4,Standard
755,Developer,11,115,79.47,56.29,72.84,76.58,47.54,Standard
756,Designer,12,79,100.0,48.22,83.26,51.89,70.92,Premium
757,Developer,11,75,91.4,58.62,85.47,58.2,70.18,Premium
758,Designer,3,40,37.08,34.58,56.65,76.07,32.04,Standard
759,Developer,10,60,84.65,52.74,87.35,63.08,63.55,Premium
760,Developer,11,66,92.05,50.59,84.57,49.14,64.9,Premium
761,Writer,4,18,85.18,28.88,82.02,59.04,52.61,Standard
762,Writer,9,101,92.51,41.67,75.44,57.95,56.34,Standard
763,Designer,3,18,65.94,26.62,73.04,63.17,50.79,Standard
764,Designer,3,14,55.71,22.12,79.69,74.0,52.14,Standard
765,Developer,12,35,100.0,40.56,78.26,43.35,67.44,Premium
766,Developer,11,113,100.0,48.92,81.45,58.57,70.53,Premium
767,Designer,11,151,98.13,55.19,82.25,66.02,66.18,Premium
768,Developer,12,149,100.0,50.32,73.84,43.66,65.62,Premium
769,Designer,8,73,60.09,41.72,73.63,57.45,44.71,Standard
770,Writer,5,55,44.15,27.31,83.07,71.15,38.43,Standard
771,Designer,8,89,79.95,49.48,82.67,67.55,60.72,Standard
772,Developer,11,66,100.0,52.82,79.63,54.92,62.89,Premium
773,Developer,13,125,100.0,57.52,90.44,44.86,71.97,Premium
774,Writer,7,59,76.14,44.45,70.38,44.85,58.45,Standard
775,Writer,4,13,54.4,30.08,73.14,60.98,38.69,Standard
776,Developer,15,174,100.0,78.18,83.73,53.65,78.47,Premium
777,Writer,1,9,48.72,19.97,50.0,82.5,34.65,Standard
778,Developer,13,31,100.0,48.54,90.54,40.5,82.06,Premium
779,Developer,4,11,40.55,32.4,81.53,75.02,45.91,Standard
780,Designer,1,9,21.18,13.02,82.5,75.19,18.82,Standard
781,Developer,10,63,84.58,53.4,90.37,57.99,61.33,Standard
782,Developer,9,45,97.76,50.35,64.36,51.02,64.73,Premium
783,Developer,10,30,74.16,43.72,71.23,68.87,57.32,Standard
784,Writer,13,54,91.67,56.28,94.38,50.46,72.21,Premium
785,Developer,2,6,54.9,24.16,82.13,73.7,38.54,Standard
786,Designer,5,60,100.0,43.33,50.0,59.92,58.84,Standard
787,Designer,4,43,53.07,31.68,67.2,80.69,30.11,Standard
788,Designer,14,204,100.0,72.71,90.13,29.03,86.21,Premium
789,Designer,12,149,100.0,55.55,87.87,60.99,76.98,Premium
790,Designer,3,21,49.76,38.04,87.78,70.64,42.57,Standard
791,Designer,9,36,62.96,64.64,81.69,43.87,57.77,Standard
792,Developer,13,46,100.0,69.62,85.91,38.59,78.12,Premium
793,Writer,3,15,49.44,25.83,80.41,73.49,35.61,Standard
794,Designer,13,139,98.6,56.94,82.12,47.22,67.93,Premium
795,Designer,3,38,47.28,36.41,73.21,64.3,41.82,Standard
796,Writer,2,24,66.59,22.18,76.48,70.01,45.85,Standard
797,Developer,12,134,84.68,53.01,86.06,56.23,64.25,Premium
798,Writer,11,66,100.0,35.07,96.41,70.24,71.33,Premium
799,Designer,8,94,82.77,43.06,81.81,46.57,58.38,Standard
800,Developer,13,147,100.0,56.2,80.85,34.6,68.85,Premium
801,Developer,11,128,100.0,53.19,90.39,40.46,68.2,Premium
802,Designer,9,37,68.25,44.06,71.76,41.31,49.93,Standard
803,Designer,9,74,88.93,41.66,72.78,59.48,64.31,Premium
804,Developer,1,9,52.24,10.1,66.61,61.34,34.73,Standard
805,Writer,14,169,100.0,54.98,94.76,24.99,72.33,Premium
806,Developer,13,159,100.0,61.84,83.19,30.83,75.81,Premium
807,Developer,6,28,76.14,37.76,67.24,60.48,50.51,Standard
808,Developer,6,29,67.42,31.37,72.49,48.16,46.21,Standard
809,Designer,5,47,69.22,50.35,72.68,38.8,56.21,Standard
810,Developer,7,104,78.92,47.38,65.15,65.07,41.38,Standard
811,Developer,15,149,100.0,74.82,84.96,49.63,77.17,Premium
812,Developer,4,31,59.33,31.04,66.29,62.64,46.6,Standard
813,Developer,3,31,37.34,19.3,75.12,69.41,29.6,Standard
814,Designer,4,9,67.17,28.1,75.41,60.18,49.66,Standard
815,Developer,11,44,76.94,54.2,91.72,37.71,61.43,Standard
816,Developer,5,13,60.45,20.96,71.31,63.52,38.82,Standard
817,Developer,6,62,48.42,43.57,72.01,67.18,38.86,Standard
818,Designer,8,74,80.84,21.13,80.31,54.64,47.31,Standard
819,Writer,1,1,55.27,27.91,63.75,64.22,34.0,Standard
820,Developer,11,41,100.0,49.61,81.62,43.9,75.05,Premium
821,Writer,11,75,84.74,52.5,65.21,45.11,50.47,Standard
822,Developer,6,65,60.88,41.25,83.4,74.51,46.91,Standard
823,Writer,15,159,100.0,69.44,83.03,43.98,82.23,Premium
824,Writer,14,185,95.34,63.1,76.2,63.42,62.48,Standard
825,Writer,3,32,47.22,32.41,72.63,61.76,31.31,Standard
826,Writer,8,16,85.79,44.47,69.07,50.4,54.85,Standard
827,Writer,15,41,87.27,71.88,77.73,49.92,66.52,Premium
828,Designer,9,111,88.69,58.06,76.92,50.19,64.5,Premium
829,Writer,4,36,66.55,31.76,83.86,78.68,49.7,Standard
830,Designer,4,41,54.71,41.18,57.24,87.75,29.16,Standard
831,Designer,13,146,100.0,61.93,72.97,38.85,73.26,Premium
832,Developer,3,17,61.32,23.82,70.16,71.97,30.87,Standard
833,Developer,4,39,33.45,47.61,89.08,71.4,45.49,Standard
834,Designer,12,141,95.44,52.16,81.96,43.05,57.45,Standard
835,Developer,2,39,47.64,13.45,69.67,65.53,33.89,Standard
836,Developer,13,68,100.0,66.54,87.6,38.91,77.82,Premium
837,Writer,7,94,68.44,35.64,80.43,64.57,55.41,Standard
838,Developer,13,54,97.67,59.23,84.97,36.63,66.92,Premium
839,Designer,9,89,85.51,43.06,70.81,54.57,51.8,Standard
840,Writer,12,121,75.27,44.09,86.02,32.26,60.72,Standard
841,Developer,4,56,56.58,38.25,61.4,69.31,33.91,Standard
842,Developer,10,90,100.0,46.27,82.14,58.58,67.09,Premium
843,Writer,1,7,20.88,33.66,62.68,67.45,15.69,Standard
844,Designer,1,9,41.88,33.66,70.31,76.38,31.59,Standard
845,Designer,3,9,61.31,20.36,62.01,69.47,33.89,Standard
846,Developer,14,147,100.0,64.43,69.82,41.97,75.48,Premium
847,Designer,4,52,76.96,25.09,78.97,63.07,52.2,Standard
848,Developer,6,21,75.58,42.34,95.29,57.07,63.54,Premium
849,Designer,3,43,81.68,24.14,83.66,76.8,51.81,Standard
850,Developer,14,119,100.0,61.89,73.33,54.36,63.98,Premium
851,Writer,9,100,89.64,41.31,82.54,47.1,69.39,Premium
852,Writer,4,46,64.08,18.59,62.13,74.64,35.82,Standard
853,Writer,5,12,49.16,45.0,80.9,82.17,43.41,Standard
854,Developer,12,154,99.47,50.88,81.94,56.91,63.02,Premium
855,Writer,12,165,93.23,33.59,68.11,44.76,59.33,Standard
856,Designer,15,148,100.0,73.6,74.85,53.63,66.9,Premium
857,Developer,3,33,55.8,37.29,82.82,48.87,56.38,Standard
858,Designer,9,32,88.99,42.89,76.12,59.23,53.0,Standard
859,Developer,5,25,46.16,41.72,70.6,68.08,38.1,Standard
860,Developer,4,26,86.1,35.78,76.5,61.81,54.6,Standard
861,Writer,8,56,77.4,37.95,80.15,22.88,63.28,Premium
862,Developer,4,39,64.73,37.93,66.19,50.1,45.71,Standard
863,Writer,1,4,54.45,27.29,76.62,67.32,32.4,Standard
864,Developer,2,9,62.09,5.0,74.11,79.78,50.53,Standard
865,Designer,5,48,61.67,37.83,82.81,49.38,57.13,Standard
866,Developer,9,56,100.0,55.09,80.77,55.09,72.75,Premium
867,Designer,4,29,71.61,31.9,75.16,78.45,47.05,Standard
868,Developer,7,19,76.06,45.96,100.0,53.78,61.35,Standard
869,Designer,5,36,79.4,28.38,77.48,57.19,53.63,Standard
870,Writer,1,1,51.9,22.8,76.84,76.33,38.95,Standard
871,Writer,7,36,61.61,38.79,77.0,60.17,46.44,Standard
872,Designer,3,2,54.35,39.31,78.24,66.73,51.12,Standard
873,Designer,15,38,100.0,65.1,85.98,35.84,74.71,Premium
874,Designer,2,18,50.83,8.24,60.43,76.75,33.64,Standard
875,Developer,8,50,85.5,49.01,82.06,69.52,68.74,Premium
876,Writer,15,57,100.0,64.04,100.0,31.17,77.53,Premium
877,Developer,4,56,89.14,28.16,71.44,61.3,54.31,Standard
878,Writer,6,38,56.57,30.57,74.1,78.5,42.51,Standard
879,Developer,4,21,88.11,34.09,71.31,57.41,56.78,Standard
880,Designer,8,30,92.46,48.47,78.34,51.65,73.66,Premium
881,Developer,2,38,66.57,37.82,77.91,57.55,44.36,Standard
882,Writer,9,111,100.0,46.14,74.89,54.19,69.51,Premium
883,Developer,14,182,100.0,57.7,84.48,35.36,72.5,Premium
884,Designer,3,34,49.28,28.7,78.52,58.59,37.23,Standard
885,Writer,4,22,65.52,34.84,77.6,62.82,49.94,Standard
886,Developer,7,29,60.88,42.24,78.91,59.08,53.24,Standard
887,Designer,8,91,64.39,58.47,80.28,45.42,56.08,Standard
888,Developer,11,154,100.0,60.96,82.74,45.17,68.72,Premium
889,Developer,10,104,81.8,39.56,76.08,68.9,60.24,Standard
890,Developer,2,1,29.58,21.97,73.35,69.13,24.78,Standard
891,Developer,14,45,100.0,72.37,86.25,46.83,83.64,Premium
892,Designer,10,63,77.05,43.98,78.41,55.32,56.32,Standard
893,Developer,11,104,100.0,60.14,79.05,60.48,71.69,Premium
894,Writer,13,38,98.55,66.12,78.09,58.96,69.54,Premium
895,Writer,15,62,100.0,72.58,86.11,29.11,84.02,Premium
896,Developer,12,172,100.0,72.01,85.74,60.16,66.14,Premium
897,Designer,13,47,100.0,76.11,82.7,45.85,77.14,Premium
898,Writer,12,38,100.0,35.55,85.59,59.05,53.44,Standard
899,Developer,10,101,100.0,49.18,77.26,69.88,65.14,Premium
900,Designer,2,1,45.49,15.25,81.76,81.93,29.69,Standard
901,Developer,3,41,49.31,42.58,52.53,63.5,44.24,Standard
902,Designer,2,15,53.62,24.21,83.1,65.1,48.23,Standard
903,Developer,12,62,96.93,49.65,83.5,26.62,76.33,Premium
904,Designer,13,141,82.95,72.88,74.99,46.52,60.81,Standard
905,Developer,2,26,47.08,16.65,72.88,63.92,31.23,Standard
906,Developer,7,60,68.62,41.98,86.67,67.22,45.97,Standard
907,Writer,13,69,96.67,69.34,93.49,47.28,77.09,Premium
908,Designer,15,88,100.0,64.09,78.93,55.69,69.46,Premium
909,Writer,2,10,41.62,23.1,79.76,65.4,41.72,Standard
910,Developer,13,32,100.0,61.35,82.92,32.92,80.04,Premium
911,Writer,1,20,49.79,34.51,67.57,63.18,36.08,Standard
912,Developer,1,4,54.6,27.27,68.41,69.94,39.1,Standard
913,Designer,15,170,100.0,66.61,89.03,42.15,79.46,Premium
914,Developer,6,39,73.63,39.52,68.71,54.98,48.34,Standard
915,Designer,2,13,8.0,33.22,74.58,80.67,17.47,Standard
916,Developer,12,99,98.51,52.9,72.18,55.77,63.38,Premium
917,Designer,12,38,74.26,61.4,78.39,61.67,59.53,Standard
918,Writer,14,122,100.0,66.88,93.06,24.08,61.88,Standard
919,Writer,4,22,74.22,44.26,80.11,62.58,56.14,Standard
920,Developer,11,63,100.0,59.44,98.33,59.02,74.19,Premium
921,Developer,14,157,100.0,49.6,96.25,34.11,77.42,Premium
922,Developer,6,61,79.87,36.88,84.9,64.87,60.32,Standard
923,Designer,12,156,100.0,70.98,87.87,56.92,81.65,Premium
924,Developer,2,22,35.62,29.94,74.76,72.6,34.45,Standard
925,Writer,2,22,51.08,8.86,75.6,55.76,37.81,Standard
926,Designer,2,27,40.7,17.18,77.1,63.85,29.06,Standard
927,Developer,3,13,64.03,22.53,62.29,54.7,35.83,Standard
928,Writer,11,110,92.4,75.61,84.91,48.5,77.07,Premium
929,Designer,3,22,67.7,24.87,67.76,64.56,44.32,Standard
930,Developer,14,177,100.0,74.58,84.66,70.55,82.91,Premium
931,Designer,4,38,59.69,26.97,56.41,49.15,48.9,Standard
932,Writer,8,74,67.75,37.62,61.48,54.35,46.61,Standard
933,Designer,7,53,74.9,33.03,74.08,61.52,45.52,Standard
934,Developer,15,74,100.0,55.69,78.99,37.66,70.09,Premium
935,Writer,11,106,100.0,37.3,86.95,40.62,62.9,Premium
936,Developer,7,14,77.71,38.4,74.25,73.1,58.37,Standard
937,Developer,5,38,58.07,49.92,82.83,74.25,42.62,Standard
938,Developer,15,75,100.0,63.85,78.5,34.12,71.85,Premium
939,Designer,10,115,87.28,59.06,78.94,48.06,67.38,Premium
940,Developer,3,49,65.47,29.17,78.17,75.95,49.14,Standard
941,Developer,6,67,65.03,41.91,81.19,74.38,50.55,Standard
942,Writer,9,24,83.56,45.83,67.17,66.19,64.1,Premium
943,Designer,2,36,46.66,26.96,63.78,71.26,31.34,Standard
944,Writer,15,141,100.0,66.9,91.57,55.48,64.46,Premium
945,Developer,14,35,92.92,64.6,74.2,61.51,64.59,Premium
946,Developer,5,36,79.15,43.29,75.15,62.27,59.61,Standard
947,Developer,10,132,99.89,41.43,77.1,49.32,63.78,Premium
948,Writer,14,178,100.0,60.6,79.87,56.07,66.9,Premium
949,Developer,3,23,45.73,27.96,86.41,72.79,37.78,Standard
950,Developer,6,69,85.35,34.98,71.99,50.14,62.44,Standard
951,Writer,7,57,57.14,34.44,81.78,69.17,44.51,Standard
952,Developer,13,66,100.0,58.83,91.18,50.93,71.97,Premium
953,Designer,14,57,100.0,71.95,95.39,37.48,85.22,Premium
954,Designer,8,84,84.43,61.43,73.89,61.28,57.93,Standard
955,Designer,13,145,100.0,65.98,84.59,68.2,70.34,Premium
956,Writer,9,31,99.16,60.29,84.44,51.87,69.06,Premium
957,Developer,5,29,47.12,30.34,69.19,52.31,41.11,Standard
958,Designer,7,81,79.32,39.81,86.14,61.16,52.23,Standard
959,Writer,8,90,84.7,40.15,82.75,49.07,61.21,Standard
960,Writer,3,16,54.4,22.35,73.3,46.07,34.28,Standard
961,Developer,7,20,70.65,38.33,81.19,43.7,43.86,Standard
962,Developer,14,121,100.0,65.05,99.85,33.29,78.23,Premium
963,Writer,14,64,100.0,57.94,91.19,40.16,82.32,Premium
964,Developer,14,194,100.0,61.44,84.64,30.31,80.27,Premium
965,Designer,5,70,63.39,23.85,73.71,58.25,43.53,Standard
966,Designer,1,7,28.34,20.28,57.76,57.46,29.25,Standard
967,Designer,4,18,70.3,27.63,83.34,49.98,48.35,Standard
968,Developer,13,84,100.0,45.44,66.26,55.32,65.27,Premium
969,Writer,9,95,74.89,46.32,79.51,65.24,50.41,Standard
970,Writer,6,68,67.56,25.8,71.17,58.79,47.37,Standard
971,Developer,5,58,74.43,41.66,76.8,67.8,47.67,Standard
972,Developer,9,37,89.97,44.04,72.88,53.7,64.92,Premium
973,Developer,2,15,51.23,35.56,71.35,53.23,40.76,Standard
974,Designer,4,51,85.84,25.97,90.87,60.01,52.53,Standard
975,Developer,4,38,73.51,37.15,66.11,57.11,60.33,Standard
976,Developer,9,59,87.72,48.04,99.01,64.36,66.73,Premium
977,Designer,2,27,41.84,22.3,66.2,72.38,23.68,Standard
978,Writer,1,18,50.5,30.75,68.39,62.25,42.9,Standard
979,Developer,1,12,53.7,22.07,64.14,93.28,33.53,Standard
980,Designer,4,41,65.83,24.99,77.77,74.67,44.71,Standard
981,Writer,12,129,100.0,48.77,76.59,39.75,71.75,Premium
982,Designer,4,23,35.94,46.48,77.64,62.49,40.06,Standard
983,Developer,4,47,57.83,24.2,58.97,50.52,36.75,Standard
984,Designer,8,24,65.89,39.0,83.25,65.5,47.02,Standard
985,Designer,14,160,100.0,74.0,85.78,43.38,72.1,Premium
986,Developer,13,140,100.0,58.15,78.82,43.6,80.23,Premium
987,Writer,14,99,100.0,74.27,90.12,41.05,67.12,Premium
988,Writer,12,54,89.65,57.38,73.13,37.09,76.58,Premium
989,Writer,8,20,61.23,48.42,72.22,46.22,50.92,Standard
990,Developer,12,112,100.0,54.52,79.44,29.13,73.85,Premium
991,Designer,9,125,83.67,54.71,74.77,48.32,59.48,Standard
992,Writer,12,91,100.0,59.46,78.62,57.75,74.8,Premium
993,Designer,3,54,59.94,33.24,66.0,66.5,35.83,Standard
994,Writer,6,29,75.68,28.12,80.21,28.8,53.82,Standard
995,Developer,3,38,54.6,27.3,68.35,35.59,43.84,Standard
996,Developer,1,4,57.54,27.32,70.62,71.87,39.44,Standard
997,Writer,12,44,100.0,61.22,71.03,52.37,65.23,Premium
998,Developer,8,32,77.7,55.34,67.65,51.23,55.46,Standard
999,Writer,2,22,69.59,20.6,77.29,62.06,47.02,Standard
1000,Writer,14,166,98.72,57.48,85.84,36.78,73.36,Premium
1001,Developer,5,22,65.54,37.93,66.31,65.14,43.61,Standard
1002,Designer,4,19,52.55,20.06,93.22,70.5,44.72,Standard
1003,Writer,7,65,77.55,37.97,91.14,51.21,50.71,Standard
1004,Designer,3,38,42.87,41.57,70.97,66.83,34.93,Standard
1005,Writer,9,119,78.23,58.78,73.66,69.45,52.92,Standard
1006,Writer,3,27,88.97,34.32,75.25,64.86,55.23,Standard
1007,Designer,3,40,71.95,18.95,72.05,46.69,45.15,Standard
1008,Developer,13,92,100.0,65.09,72.26,37.0,70.11,Premium
1009,Writer,7,52,71.81,52.32,70.61,74.6,56.99,Standard
1010,Writer,9,86,100.0,51.25,87.75,49.42,68.44,Premium
1011,Developer,14,158,100.0,72.12,85.37,46.38,71.7,Premium
1012,Developer,15,134,100.0,55.98,88.9,42.1,69.27,Premium
1013,Developer,4,8,44.17,38.59,85.28,57.17,39.84,Standard
1014,Developer,7,42,51.62,33.79,84.05,50.18,38.26,Standard
1015,Developer,4,38,40.95,35.91,72.85,70.4,29.2,Standard
1016,Designer,2,17,57.65,24.4,68.53,65.41,27.35,Standard
1017,Developer,5,31,47.09,32.1,68.46,55.93,41.48,Standard
1018,Designer,14,147,100.0,66.29,93.7,35.76,73.18,Premium
1019,Designer,3,9,61.05,18.19,81.06,72.65,35.15,Standard
1020,Developer,12,88,100.0,59.03,74.8,47.5,71.54,Premium
1021,Developer,2,22,45.86,27.7,66.61,71.58,35.74,Standard
1022,Writer,4,18,63.08,30.27,76.31,57.06,49.63,Standard
1023,Developer,1,1,40.38,25.05,60.85,60.95,30.59,Standard
1024,Developer,12,153,100.0,57.59,78.85,41.15,68.1,Premium
1025,Developer,6,32,67.53,36.52,73.94,69.15,49.55,Standard
1026,Writer,8,101,100.0,45.19,75.02,62.13,68.45,Premium
1027,Writer,7,94,61.92,32.99,73.6,52.28,47.83,Standard
1028,Designer,9,62,91.04,42.36,76.02,57.37,72.3,Premium
1029,Designer,8,17,70.82,44.07,78.98,42.8,49.49,Standard
1030,Developer,7,21,79.03,58.03,71.6,35.15,55.86,Standard
1031,Developer,12,56,89.89,60.78,68.02,53.58,67.41,Premium
1032,Writer,13,150,100.0,52.93,94.35,54.06,69.0,Premium
1033,Writer,6,59,74.34,40.79,69.95,52.36,65.21,Premium
1034,Developer,9,124,100.0,42.82,73.35,49.4,67.76,Premium
1035,Writer,1,7,32.22,26.76,74.3,69.46,26.71,Standard
1036,Developer,5,42,75.59,29.37,77.13,51.11,58.38,Standard
1037,Developer,10,54,90.42,42.85,83.91,34.38,59.2,Standard
1038,Writer,4,13,44.0,34.04,80.69,48.96,35.43,Standard
1039,Developer,13,105,100.0,59.89,83.47,47.16,76.02,Premium
1040,Designer,10,40,94.09,38.24,74.16,43.26,69.08,Premium
1041,Writer,13,58,92.76,53.49,91.97,47.61,67.7,Premium
1042,Developer,4,40,66.14,37.36,59.17,68.04,49.1,Standard
1043,Developer,8,22,79.13,36.62,70.4,36.72,62.24,Standard
1044,Developer,2,28,69.63,27.47,69.51,75.46,42.24,Standard
1045,Writer,5,57,43.31,39.95,87.37,76.45,38.47,Standard
1046,Writer,15,111,100.0,54.93,67.76,56.64,76.1,Premium
1047,Developer,5,14,58.46,27.04,76.75,62.84,43.17,Standard
1048,Writer,12,81,88.85,53.17,63.51,55.52,55.04,Standard
1049,Developer,14,189,100.0,65.57,73.84,36.07,77.61,Premium
1050,Writer,7,78,75.54,33.99,91.64,59.4,57.06,Standard
1051,Designer,2,4,65.95,28.22,77.72,71.34,31.51,Standard
1052,Designer,4,31,42.88,27.32,82.23,80.05,36.87,Standard
1053,Developer,14,118,100.0,58.33,80.01,58.09,70.28,Premium
1054,Developer,9,38,87.72,52.0,79.11,50.64,59.37,Standard
1055,Writer,13,176,100.0,61.14,82.78,49.51,69.04,Premium
1056,Designer,2,14,47.82,21.49,83.1,75.09,37.82,Standard
1057,Writer,15,172,100.0,59.25,100.0,51.46,77.17,Premium
1058,Developer,14,171,90.84,53.5,86.19,38.02,66.91,Premium
1059,Developer,8,115,70.18,30.51,82.29,78.01,42.14,Standard
1060,Designer,9,32,83.84,42.57,74.63,40.83,54.02,Standard
1061,Writer,8,40,54.95,37.13,80.6,68.1,37.48,Standard
1062,Designer,5,46,55.92,43.98,72.17,57.81,45.53,Standard
1063,Writer,5,13,57.01,42.27,79.98,52.99,45.81,Standard
1064,Designer,8,81,92.19,44.65,87.86,53.05,52.22,Standard
1065,Developer,11,92,94.64,56.53,78.03,46.64,70.09,Premium
1066,Developer,10,134,99.43,53.31,72.42,59.83,66.12,Premium
1067,Designer,13,140,100.0,56.09,82.82,56.96,72.28,Premium
1068,Developer,15,57,100.0,67.44,88.14,41.16,88.21,Premium
1069,Writer,4,7,71.99,32.95,78.9,63.12,51.55,Standard
1070,Writer,7,44,63.58,45.44,74.64,52.09,50.43,Standard
1071,Writer,5,49,59.37,31.72,79.65,54.33,46.97,Standard
1072,Designer,4,53,60.48,24.68,76.77,51.86,48.05,Standard
1073,Developer,10,44,98.77,42.36,77.97,52.34,71.43,Premium
1074,Developer,5,48,72.5,37.77,78.07,63.34,50.33,Standard
1075,Designer,14,203,100.0,54.93,97.91,48.15,76.18,Premium
1076,Writer,5,51,71.7,36.1,76.6,55.98,49.15,Standard
1077,Writer,11,112,90.77,54.07,75.75,51.4,62.12,Standard
1078,Developer,14,98,100.0,65.24,99.66,47.95,72.95,Premium
1079,Designer,6,14,70.04,52.14,79.29,58.14,58.82,Standard
1080,Writer,10,49,97.91,56.93,79.47,39.25,71.76,Premium
1081,Writer,4,22,56.93,27.94,69.82,57.84,45.14,Standard
1082,Writer,2,22,70.59,28.25,80.93,69.36,54.06,Standard
1083,Writer,3,15,56.4,40.71,79.79,65.77,42.74,Standard
1084,Developer,11,105,100.0,57.51,95.28,36.23,68.85,Premium
1085,Developer,14,116,100.0,52.04,82.03,32.87,69.99,Premium
1086,Designer,5,8,53.71,41.24,60.1,67.04,39.45,Standard
1087,Writer,8,62,62.74,45.2,77.26,67.41,41.33,Standard
1088,Writer,11,52,100.0,50.14,84.09,51.17,61.63,Standard
1089,Designer,6,25,51.56,34.83,65.28,58.75,41.78,Standard
1090,Writer,15,93,100.0,66.59,78.77,42.36,76.93,Premium
1091,Developer,3,11,54.49,37.61,73.24,75.65,47.09,Standard
1092,Designer,12,147,63.79,72.34,82.16,33.2,64.86,Premium
1093,Designer,2,23,60.33,25.72,58.44,75.33,34.42,Standard
1094,Designer,6,44,88.52,32.24,78.32,47.77,56.4,Standard
1095,Developer,14,133,100.0,74.77,91.32,26.61,80.31,Premium
1096,Developer,5,41,56.61,55.21,75.51,72.44,42.2,Standard
1097,Writer,1,3,37.63,17.5,67.94,62.39,39.22,Standard
1098,Developer,13,129,100.0,52.77,80.13,62.46,71.18,Premium
1099,Developer,14,91,100.0,73.17,80.63,54.04,73.27,Premium
1100,Writer,3,41,69.22,33.42,75.13,63.81,49.23,Standard
1101,Developer,11,114,88.59,46.7,73.98,46.66,62.68,Premium
1102,Designer,12,83,97.64,61.76,77.08,46.62,70.8,Premium
1103,Developer,15,66,100.0,65.27,85.28,33.28,72.54,Premium
1104,Developer,11,137,73.26,63.13,79.07,65.08,52.24,Standard
1105,Developer,1,5,54.81,22.67,64.64,79.37,27.66,Standard
1106,Designer,7,48,73.3,50.62,77.05,63.92,59.79,Standard
1107,Developer,11,111,85.22,59.19,96.34,61.38,66.15,Premium
1108,Developer,12,47,100.0,53.76,80.97,47.37,70.6,Premium
1109,Developer,13,76,100.0,49.38,84.17,31.26,72.66,Premium
1110,Developer,8,102,100.0,35.48,71.85,55.01,54.01,Standard
1111,Developer,11,126,92.5,53.42,74.8,39.41,68.14,Premium
1112,Developer,5,60,61.99,23.11,73.71,66.81,41.5,Standard
1113,Designer,5,41,72.7,20.32,73.49,73.03,47.36,Standard
1114,Developer,5,33,59.76,39.53,88.39,66.55,45.62,Standard
1115,Writer,10,84,91.28,49.97,86.12,40.25,65.13,Premium
1116,Developer,15,120,100.0,60.95,87.42,42.92,69.5,Premium
1117,Writer,11,76,99.3,40.73,85.64,55.84,65.63,Premium
1118,Developer,13,119,93.79,74.41,84.06,50.14,74.21,Premium
1119,Developer,14,192,100.0,55.96,88.79,49.64,72.28,Premium
1120,Writer,8,60,80.13,31.15,72.49,55.95,52.26,Standard
1121,Developer,15,159,100.0,72.03,85.51,29.96,79.65,Premium
1122,Writer,3,19,58.96,35.65,75.09,81.63,42.9,Standard
1123,Designer,10,52,86.07,50.27,83.65,63.89,71.18,Premium
1124,Writer,4,30,37.97,28.47,79.32,67.5,41.41,Standard
1125,Writer,9,20,85.7,38.79,86.94,48.96,54.87,Standard
1126,Writer,5,23,66.5,30.94,80.72,57.35,38.32,Standard
1127,Developer,15,57,100.0,73.08,78.68,55.99,77.49,Premium
1128,Developer,3,12,65.53,35.62,83.67,72.17,48.81,Standard
1129,Developer,1,16,59.21,23.56,60.19,83.68,24.01,Standard
1130,Developer,9,25,87.43,51.47,61.38,48.39,66.18,Premium
1131,Designer,4,12,48.32,40.22,73.92,66.98,32.84,Standard
1132,Writer,13,109,86.8,43.05,84.84,51.76,59.12,Standard
1133,Writer,2,9,53.59,21.37,52.07,72.0,33.66,Standard
1134,Developer,9,58,72.49,42.79,84.89,48.44,55.68,Standard
1135,Designer,10,124,93.36,46.45,79.13,48.8,62.26,Standard
1136,Writer,6,14,71.08,33.26,91.24,55.15,55.14,Standard
1137,Designer,7,101,87.37,48.54,80.47,53.69,61.48,Standard
1138,Designer,2,27,29.51,15.87,79.79,63.42,20.6,Standard
1139,Developer,11,155,100.0,48.52,83.59,53.56,74.01,Premium
1140,Designer,10,61,98.95,44.43,87.5,73.43,73.62,Premium
1141,Developer,14,52,100.0,63.66,67.87,55.63,63.08,Premium
1142,Designer,1,13,54.94,26.69,70.95,71.24,35.57,Standard
1143,Designer,6,60,47.81,44.04,71.58,56.49,37.52,Standard
1144,Developer,11,37,90.64,54.82,94.81,38.4,74.53,Premium
1145,Developer,15,147,100.0,75.69,79.77,29.41,80.08,Premium
1146,Writer,12,75,100.0,67.68,88.13,43.44,78.66,Premium
1147,Developer,7,83,58.17,44.54,90.12,69.77,48.99,Standard
1148,Designer,13,181,98.64,68.93,86.23,52.18,67.68,Premium
1149,Developer,8,32,75.27,53.08,80.2,53.78,50.19,Standard
1150,Designer,13,179,100.0,50.85,97.92,55.63,75.11,Premium
1151,Writer,15,81,100.0,62.32,72.4,60.5,63.11,Premium
1152,Writer,5,50,43.23,37.94,62.62,67.49,35.78,Standard
1153,Developer,5,56,51.4,39.67,63.59,63.97,29.88,Standard
1154,Writer,10,94,83.08,27.55,85.79,50.32,42.45,Standard
1155,Developer,10,48,74.56,40.55,75.39,35.08,59.76,Standard
1156,Developer,12,169,100.0,48.19,72.08,47.61,66.89,Premium
1157,Developer,2,26,45.87,18.75,76.72,55.69,32.97,Standard
1158,Designer,13,53,99.77,68.02,91.23,55.29,65.48,Premium
1159,Writer,7,41,86.59,28.52,83.82,67.11,60.97,Standard
1160,Designer,15,213,100.0,49.19,81.66,46.93,77.55,Premium
1161,Designer,10,112,100.0,46.04,74.98,44.27,66.48,Premium
1162,Designer,1,11,64.85,17.84,58.11,86.01,41.33,Standard
1163,Developer,12,112,100.0,60.95,81.69,49.05,70.13,Premium
1164,Developer,2,28,52.79,12.58,65.77,76.04,34.85,Standard
1165,Developer,10,70,93.11,55.81,77.34,38.86,69.81,Premium
1166,Writer,3,34,64.75,30.12,58.65,68.12,48.73,Standard
1167,Writer,12,151,100.0,63.84,81.73,59.52,67.16,Premium
1168,Developer,7,39,83.76,37.44,87.62,58.86,67.08,Premium
1169,Designer,10,37,97.37,49.88,87.4,45.1,67.87,Premium
1170,Writer,10,92,91.24,50.25,89.31,50.79,64.26,Premium
1171,Developer,7,90,74.44,49.36,69.04,56.37,54.35,Standard
1172,Designer,2,16,68.2,24.58,67.92,67.76,50.89,Standard
1173,Writer,3,34,65.69,12.51,60.91,66.4,38.12,Standard
1174,Developer,6,84,84.42,47.07,76.02,85.65,55.12,Standard
1175,Developer,2,11,53.48,33.25,77.64,52.99,37.23,Standard
1176,Writer,15,64,100.0,55.36,86.56,38.53,74.82,Premium
1177,Developer,8,105,70.16,37.61,79.86,66.0,48.9,Standard
1178,Writer,9,38,63.5,50.86,71.37,46.48,53.5,Standard
1179,Developer,2,12,69.96,25.73,79.06,56.8,48.65,Standard
1180,Developer,9,36,83.06,27.49,72.97,59.46,49.69,Standard
1181,Writer,11,88,97.51,54.28,91.31,34.56,70.65,Premium
1182,Designer,13,151,100.0,56.59,92.16,28.36,79.28,Premium
1183,Developer,2,19,27.6,27.17,63.1,61.58,22.9,Standard
1184,Developer,15,128,95.24,67.39,94.1,31.82,77.89,Premium
1185,Developer,3,34,51.87,23.61,65.58,60.72,31.23,Standard
1186,Developer,12,140,100.0,48.78,82.26,58.95,63.38,Premium
1187,Developer,9,134,80.16,43.36,86.81,55.24,55.97,Standard
1188,Designer,12,103,89.72,54.26,85.56,61.06,65.97,Premium
1189,Developer,5,64,67.81,28.18,77.73,48.52,45.98,Standard
1190,Designer,2,6,41.94,25.92,64.44,51.12,26.96,Standard
1191,Writer,7,75,91.39,46.62,82.65,88.76,66.6,Premium
1192,Writer,11,106,98.36,41.89,97.96,49.51,74.58,Premium
1193,Developer,13,47,100.0,65.14,88.01,52.42,82.37,Premium
1194,Developer,9,46,73.15,47.92,78.94,50.18,53.41,Standard
1195,Designer,4,37,64.13,38.54,59.55,81.13,44.95,Standard
1196,Developer,5,49,71.47,33.39,71.82,63.23,56.35,Standard
1197,Designer,11,109,90.52,48.64,85.51,42.32,72.61,Premium
1198,Developer,8,28,61.0,39.64,71.95,45.86,48.51,Standard
1199,Developer,9,71,98.39,53.2,86.33,47.34,63.05,Premium
1200,Developer,12,94,100.0,47.47,72.18,29.22,74.41,Premium
